<?xml version="1.0" encoding="utf-8" standalone="yes"?>
<rss version="2.0" xmlns:atom="http://www.w3.org/2005/Atom" xmlns:content="http://purl.org/rss/1.0/modules/content/">
  <channel>
    <title>Authors on Md. Azmain Fayek - Innovating in Technology &amp; Solutions</title>
    <link>https://yourportfolio.com/authors/</link>
    <description>Recent content in Authors on Md. Azmain Fayek - Innovating in Technology &amp; Solutions</description>
    <generator>Hugo -- 0.138.0</generator>
    <language>en</language>
    <atom:link href="https://yourportfolio.com/authors/index.xml" rel="self" type="application/rss+xml" />
  </channel>
</rss>
