<?xml version="1.0" encoding="utf-8" standalone="yes"?>
<rss version="2.0" xmlns:atom="http://www.w3.org/2005/Atom" xmlns:content="http://purl.org/rss/1.0/modules/content/">
  <channel>
    <title>Blogs on Md. Azmain Fayek - Innovating in Technology &amp; Solutions</title>
    <link>https://yourportfolio.com/blog/</link>
    <description>Recent content in Blogs on Md. Azmain Fayek - Innovating in Technology &amp; Solutions</description>
    <generator>Hugo -- 0.138.0</generator>
    <language>en</language>
    <lastBuildDate>Wed, 15 May 2024 23:15:00 +0700</lastBuildDate>
    <atom:link href="https://yourportfolio.com/blog/index.xml" rel="self" type="application/rss+xml" />
    <item>
      <title>The Evolution of Programming</title>
      <link>https://yourportfolio.com/blog/the-evolution-of-programming/</link>
      <pubDate>Wed, 15 May 2024 23:15:00 +0700</pubDate>
      <guid>https://yourportfolio.com/blog/the-evolution-of-programming/</guid>
      <description>A comprehensive guide to understanding the evolution of programming, key milestones, and how programming has transformed the tech industry over time.</description>
    </item>
    <item>
      <title>What Is Web Development?</title>
      <link>https://yourportfolio.com/blog/what-is-web-development/</link>
      <pubDate>Wed, 03 Apr 2024 23:15:00 +0700</pubDate>
      <guid>https://yourportfolio.com/blog/what-is-web-development/</guid>
      <description>A comprehensive guide to understanding web development, from frontend and backend to full-stack development and common tasks in the field.</description>
    </item>
  </channel>
</rss>
