<?xml version="1.0" encoding="utf-8" standalone="yes"?>
<rss version="2.0" xmlns:atom="http://www.w3.org/2005/Atom" xmlns:content="http://purl.org/rss/1.0/modules/content/">
  <channel>
    <title>Projects on Md. Azmain Fayek - Innovating in Technology &amp; Solutions</title>
    <link>https://yourportfolio.com/projects/</link>
    <description>Recent content in Projects on Md. Azmain Fayek - Innovating in Technology &amp; Solutions</description>
    <generator>Hugo -- 0.138.0</generator>
    <language>en</language>
    <lastBuildDate>Thu, 14 Nov 2024 00:00:00 +0000</lastBuildDate>
    <atom:link href="https://yourportfolio.com/projects/index.xml" rel="self" type="application/rss+xml" />
    <item>
      <title>Pre-Exam Process Automation System</title>
      <link>https://yourportfolio.com/projects/pre-exam-process-automation/</link>
      <pubDate>Thu, 14 Nov 2024 00:00:00 +0000</pubDate>
      <guid>https://yourportfolio.com/projects/pre-exam-process-automation/</guid>
      <description>A web-based platform automating the exam registration process at Jahangirnagar University.</description>
    </item>
    <item>
      <title>Responsive Web Design Certification Projects</title>
      <link>https://yourportfolio.com/projects/responsive-web-design/</link>
      <pubDate>Thu, 14 Nov 2024 00:00:00 +0700</pubDate>
      <guid>https://yourportfolio.com/projects/responsive-web-design/</guid>
      <description>&lt;h1 id=&#34;abstract&#34;&gt;Abstract&lt;/h1&gt;
&lt;p&gt;The freeCodeCamp Responsive Web Design Certification is a comprehensive course that provides hands-on experience in designing and building responsive websites. Through a series of practical projects, I gained proficiency in HTML, CSS, and JavaScript, focusing on creating web pages that adapt to different screen sizes and devices. These projects emphasized the importance of user-friendly design and efficient coding practices.&lt;/p&gt;
&lt;p&gt;The certification required completing five major projects, including a personal portfolio webpage, product landing page, survey form, technical documentation page, and a tribute page. Each project involved applying concepts such as flexbox, grid layout, media queries, and CSS frameworks to ensure that the pages were responsive and accessible across various platforms.&lt;/p&gt;</description>
    </item>
  </channel>
</rss>
