<?xml version="1.0" encoding="utf-8" standalone="yes"?>
<rss version="2.0" xmlns:atom="http://www.w3.org/2005/Atom" xmlns:content="http://purl.org/rss/1.0/modules/content/">
  <channel>
    <title>Contacts on Md. Azmain Fayek - Innovating in Technology &amp; Solutions</title>
    <link>https://yourportfolio.com/contact/</link>
    <description>Recent content in Contacts on Md. Azmain Fayek - Innovating in Technology &amp; Solutions</description>
    <generator>Hugo -- 0.138.0</generator>
    <language>en</language>
    <atom:link href="https://yourportfolio.com/contact/index.xml" rel="self" type="application/rss+xml" />
    <item>
      <title>Contact</title>
      <link>https://yourportfolio.com/contact/contact/</link>
      <pubDate>Mon, 01 Jan 0001 00:00:00 +0000</pubDate>
      <guid>https://yourportfolio.com/contact/contact/</guid>
      <description>&lt;h1 id=&#34;contact-information&#34;&gt;Contact Information&lt;/h1&gt;
&lt;p&gt;&lt;strong&gt;Email&lt;/strong&gt;:&lt;br&gt;
&lt;a href=&#34;mailto:fayekazmain6@gmail.com&#34;&gt;fayekazmain6@gmail.com&lt;/a&gt;&lt;/p&gt;
&lt;p&gt;&lt;strong&gt;Phone&lt;/strong&gt;:&lt;br&gt;
[(+880) 1762988707]
(tel:(+880) 123456789)&lt;/p&gt;
&lt;p&gt;&lt;strong&gt;Address&lt;/strong&gt;:&lt;br&gt;
&lt;a href=&#34;https://maps.google.com/?q=Thana+Stand,+Savar,+Dhaka&#34;&gt;Thana Stand, Savar, Dhaka&lt;/a&gt;&lt;/p&gt;
&lt;p&gt;&lt;strong&gt;Twitter&lt;/strong&gt;:&lt;br&gt;
&lt;a href=&#34;https://twitter.com/azmain12345&#34;&gt;Follow on Twitter&lt;/a&gt;&lt;/p&gt;
&lt;hr&gt;</description>
    </item>
  </channel>
</rss>
